date,tempmax,tempmin,temp,feelslikemax,feelslikemin,feelslike,dew,humidity,precip,precipprob,precipcover,snow,snowdepth,windgust,windspeed,winddir,sealevelpressure,cloudcover,visibility,solarradiation,solarenergy,moonphase
2022-01-01,13.9,7.8,10.5,13.9,6.8,10.0,8.5,88.2,0.048,100,16.67,0.0,0.0,25.3,13.0,178.8,1024.6,77.6,14.5,33.6,2.9,0.99
2022-01-02,14.0,9.5,11.9,14.0,8.4,11.7,8.2,78.5,0.144,100,4.17,0.0,0.0,53.6,24.5,221.0,1018.9,89.8,24.3,18.2,1.5,1.0
2022-01-03,12.7,10.8,11.5,12.7,10.8,11.5,9.1,85.5,8.867,100,25.0,0.0,0.0,52.3,22.8,224.0,1015.4,97.9,17.0,18.9,1.7,0.0
2022-01-04,11.5,4.6,8.8,11.5,0.1,6.8,7.0,89.0,21.068,100,58.33,0.0,0.0,59.4,26.6,280.8,1002.0,98.9,17.8,13.3,1.1,0.02
2022-01-05,6.5,2.0,4.1,3.4,-1.8,1.2,0.1,75.3,0.014,100,4.17,0.0,0.0,48.0,18.5,291.2,1014.3,26.0,23.2,27.2,2.3,0.05
2022-01-06,6.7,0.9,3.5,5.1,-1.1,1.4,0.1,79.4,0.0,0,0.0,0.0,0.0,29.7,15.1,238.4,1021.5,73.6,19.5,28.0,2.5,0.09
2022-01-07,8.2,2.9,5.5,5.0,-1.1,2.1,2.8,83.2,3.329,100,25.0,0.0,0.0,58.2,24.9,240.8,1016.3,95.0,20.4,36.1,3.3,0.14
2022-01-08,8.5,2.8,6.2,5.2,0.4,3.1,4.3,88.2,9.742,100,50.0,0.0,0.0,78.3,27.9,241.0,1009.2,86.1,17.7,12.0,1.1,0.19
2022-01-09,6.9,4.4,5.2,4.9,1.1,2.9,3.4,88.1,8.887,100,45.83,0.0,0.0,73.5,31.3,273.1,1006.2,92.6,17.8,18.8,1.6,0.24
2022-01-10,4.5,2.6,3.5,4.4,-0.3,1.8,2.9,95.8,0.0,0,0.0,0.0,0.0,23.6,12.0,140.9,1020.5,95.9,6.7,18.5,1.6,0.28
2022-01-11,2.9,0.1,1.7,1.7,-2.7,-0.7,0.5,92.4,0.0,0,0.0,0.0,0.0,22.8,12.6,141.0,1033.2,92.0,5.9,39.9,3.5,0.33
2022-01-12,5.2,-0.4,2.3,4.5,-2.6,1.3,0.6,89.1,0.0,0,0.0,0.0,0.0,23.1,11.0,44.7,1039.7,77.9,5.9,18.1,1.7,0.38
2022-01-13,3.6,2.0,2.7,1.2,-0.7,0.4,1.8,93.7,0.0,0,0.0,0.0,0.0,25.2,10.3,30.7,1041.1,65.8,7.8,17.4,1.4,0.41
2022-01-14,7.1,1.0,3.4,6.0,-1.0,2.2,0.6,83.0,0.0,0,0.0,0.0,0.0,17.5,10.1,108.9,1036.0,5.1,10.4,38.8,3.4,0.45
2022-01-15,7.8,-0.6,2.6,7.8,-4.8,1.6,0.3,85.6,0.144,100,4.17,0.0,0.0,25.4,13.6,278.6,1027.9,20.9,5.4,39.2,3.4,0.47
2022-01-16,5.2,-1.1,1.7,3.8,-4.2,-0.8,0.8,93.4,0.516,100,12.5,0.0,0.0,30.3,13.4,221.8,1030.3,99.2,6.5,18.7,1.5,0.49
2022-01-17,7.5,4.0,5.8,6.9,2.7,5.0,4.3,90.3,0.0,0,0.0,0.0,0.0,18.2,7.7,304.9,1037.5,84.7,9.8,20.8,1.8,0.5
2022-01-18,9.4,2.2,5.1,7.3,-0.8,3.0,2.8,85.6,0.144,100,4.17,0.0,0.0,38.5,15.2,63.9,1036.5,54.3,12.7,40.5,3.4,0.5
2022-01-19,6.4,4.3,5.5,4.6,2.8,3.6,3.4,86.2,1.143,100,12.5,0.0,0.0,29.9,13.4,261.3,1028.9,98.7,12.1,15.3,1.3,0.52
2022-01-20,6.9,3.2,5.0,4.9,0.3,2.2,2.1,81.7,0.152,100,4.17,0.0,0.0,40.9,18.9,356.8,1032.8,71.7,19.3,44.3,3.8,0.53
2022-01-21,5.6,2.4,4.0,3.7,-1.3,1.1,1.0,81.4,0.0,0,0.0,0.0,0.0,38.3,17.3,358.9,1038.0,82.9,20.4,29.0,2.4,0.56
2022-01-22,6.2,4.7,5.2,4.9,1.9,3.4,1.4,76.2,0.0,0,0.0,0.0,0.0,29.7,13.9,350.8,1037.8,98.8,17.7,25.4,2.3,0.6
2022-01-23,4.7,3.0,4.1,2.9,0.4,1.7,1.5,83.1,0.0,0,0.0,0.0,0.0,27.8,13.3,85.3,1035.4,91.6,13.9,13.8,1.1,0.65
2022-01-24,7.0,0.2,3.2,5.2,-2.4,1.2,0.3,82.0,0.0,0,0.0,0.0,0.0,23.9,11.4,102.2,1032.4,0.0,11.1,48.6,4.1,0.7
2022-01-25,1.6,-1.3,0.2,1.5,-3.9,-0.8,-0.4,96.0,0.0,0,0.0,0.0,0.0,13.4,7.1,239.9,1034.1,57.9,2.1,30.8,2.6,0.75
2022-01-26,3.5,-0.1,2.0,3.3,-3.8,0.4,0.1,87.8,0.0,0,0.0,0.0,0.0,20.8,11.7,330.0,1035.5,100.0,5.9,18.7,1.6,0.81
2022-01-27,7.1,2.5,4.7,5.6,-0.3,2.4,2.6,86.5,0.039,100,12.5,0.0,0.0,26.6,14.1,229.7,1032.7,98.8,6.2,26.0,2.1,0.86
2022-01-28,7.7,6.2,6.8,7.0,3.6,5.5,5.2,89.8,0.0,0,0.0,0.0,0.0,26.3,12.7,241.3,1037.0,96.8,8.7,27.3,2.3,0.91
2022-01-29,10.4,6.1,8.5,10.4,3.7,6.9,6.9,89.6,0.013,100,8.33,0.0,0.0,42.8,17.2,261.0,1033.7,99.2,16.9,19.2,1.7,0.95
2022-01-30,9.6,6.6,8.3,9.6,4.4,7.1,3.6,73.0,0.027,100,12.5,0.0,0.0,26.5,11.6,324.4,1031.5,74.9,20.9,45.8,4.3,0.98
2022-01-31,8.3,3.7,6.9,5.0,1.2,3.7,0.6,65.4,0.717,100,20.83,0.0,0.0,66.7,31.9,316.3,1023.8,69.2,23.0,45.3,4.0,1.0
2022-02-01,10.8,2.5,6.9,10.8,-0.3,4.7,4.5,84.8,0.527,100,12.5,0.0,0.0,49.4,22.3,275.4,1025.5,90.7,18.7,17.5,1.5,0.0
2022-02-02,11.1,9.0,10.1,11.1,7.6,9.6,6.9,80.8,0.014,100,4.17,0.0,0.0,46.7,20.1,285.5,1025.3,98.0,24.0,33.7,2.8,0.01
2022-02-03,8.7,7.0,7.7,7.6,4.1,5.7,4.1,78.1,0.0,0,0.0,0.0,0.0,34.6,16.1,233.1,1020.0,98.9,21.9,21.3,2.0,0.03
2022-02-04,11.1,4.9,7.4,11.1,2.3,5.2,4.8,83.8,0.844,100,16.67,0.0,0.0,55.5,23.4,248.5,1017.2,79.5,18.2,37.0,3.1,0.07
2022-02-05,10.0,1.6,6.1,10.0,-0.4,3.9,1.7,74.1,0.0,0,0.0,0.0,0.0,37.4,18.5,252.5,1025.4,43.8,22.9,75.3,6.6,0.11
2022-02-06,10.8,7.2,8.9,10.8,3.8,6.8,6.3,83.7,5.882,100,45.83,0.0,0.0,65.4,30.4,248.9,1017.0,98.3,19.8,17.0,1.5,0.15
2022-02-07,10.0,5.3,7.6,8.2,3.0,5.5,1.6,66.5,0.339,100,8.33,0.0,0.0,59.4,22.8,300.4,1027.6,32.9,23.6,70.0,6.5,0.2
2022-02-08,11.1,5.4,8.3,11.1,4.3,7.4,5.3,81.4,0.0,0,0.0,0.0,0.0,27.4,13.3,227.0,1032.8,93.0,22.3,24.4,2.1,0.25
2022-02-09,12.7,2.7,7.2,12.7,2.1,6.5,3.9,81.3,0.0,0,0.0,0.0,0.0,18.9,9.2,186.3,1027.4,23.9,14.1,63.9,5.8,0.29
2022-02-10,10.0,5.1,7.3,8.4,2.1,5.2,4.7,84.0,0.946,100,20.83,0.0,0.0,35.7,20.4,272.4,1024.5,98.3,14.5,33.1,2.8,0.34
2022-02-11,8.5,2.5,5.0,8.5,0.3,3.5,1.1,76.9,0.0,0,0.0,0.0,0.0,27.1,12.7,323.1,1032.7,41.1,19.7,71.6,6.5,0.38
2022-02-12,9.0,0.3,4.1,7.4,-2.6,1.9,-1.9,67.6,0.0,0,0.0,0.0,0.0,35.0,16.1,154.4,1027.7,53.3,19.8,87.3,7.8,0.42
2022-02-13,13.9,0.1,6.8,13.9,-3.5,5.0,1.2,68.7,0.0,0,0.0,0.0,0.0,52.5,24.2,189.2,1012.3,64.9,21.7,75.0,6.7,0.45
2022-02-14,11.7,6.4,9.3,11.7,4.1,8.2,5.3,76.7,2.468,100,25.0,0.0,0.0,62.9,27.7,224.8,1004.7,91.3,23.6,44.6,4.1,0.48
2022-02-15,10.4,4.6,7.8,10.4,1.9,5.3,5.0,82.6,0.388,100,16.67,0.0,0.0,56.6,26.1,240.5,1014.7,76.5,22.3,53.9,4.7,0.49
2022-02-16,15.4,9.0,12.3,15.4,5.8,11.6,10.2,87.5,3.799,100,37.5,0.0,0.0,61.9,27.1,236.1,1007.7,99.3,19.4,30.8,2.8,0.5
2022-02-17,13.8,10.9,12.3,13.8,10.9,12.3,5.5,64.2,0.527,100,8.33,0.0,0.0,61.1,27.6,268.8,1014.4,89.8,17.9,37.1,3.1,0.51
2022-02-18,12.2,6.9,10.5,12.2,2.8,9.7,5.8,74.1,1.963,100,16.67,0.0,0.0,72.9,35.3,240.0,1009.5,93.3,19.7,21.5,1.9,0.52
2022-02-19,10.3,3.2,7.1,10.3,-0.6,4.0,0.9,65.5,0.0,0,0.0,0.0,0.0,64.4,25.8,246.6,1018.8,48.9,23.7,23.3,2.0,0.54
2022-02-20,13.1,8.3,10.8,13.1,5.4,9.8,6.7,76.2,0.201,100,4.17,0.0,0.0,68.8,30.6,237.3,1015.9,96.9,22.6,22.1,1.8,0.58
2022-02-21,11.0,5.9,8.6,11.0,1.7,5.7,3.1,68.9,2.745,100,20.83,0.0,0.0,81.9,32.9,285.9,1014.8,90.0,17.2,15.8,1.3,0.62
2022-02-22,12.2,6.1,9.1,12.2,3.4,7.7,6.2,82.2,0.324,100,12.5,0.0,0.0,48.6,22.0,257.8,1024.5,89.3,15.9,29.3,2.6,0.67
2022-02-23,11.4,5.1,9.1,11.4,4.2,8.6,5.0,77.0,0.0,0,0.0,0.0,0.0,30.5,13.6,238.6,1025.8,73.3,19.3,22.7,2.1,0.73
2022-02-24,11.9,4.5,8.2,11.9,1.6,6.5,3.4,72.0,2.099,100,12.5,0.0,0.0,67.8,26.5,256.5,1017.9,75.8,23.2,30.1,2.7,0.79
2022-02-25,10.4,3.0,6.3,10.4,0.1,3.9,0.4,67.2,0.027,100,4.17,0.0,0.0,39.8,18.6,299.6,1028.3,25.4,23.8,41.9,3.6,0.84
2022-02-26,10.0,1.8,5.6,10.0,-0.5,3.6,-0.4,67.3,0.144,100,4.17,0.0,0.0,39.3,19.5,114.5,1031.9,5.2,20.6,47.2,4.1,0.89
2022-02-27,9.7,0.9,5.1,7.7,-2.8,2.4,-2.7,58.0,0.0,0,0.0,0.0,0.0,37.2,16.3,124.1,1026.9,6.7,23.2,49.0,4.2,0.94
2022-02-28,11.7,0.4,5.8,11.7,-2.5,4.5,-3.2,54.6,0.0,0,0.0,0.0,0.0,27.2,15.3,134.7,1028.4,27.4,21.9,45.5,3.9,0.97
2022-03-01,12.9,3.5,7.8,12.9,2.2,7.2,0.0,58.9,0.0,0,0.0,0.0,0.0,23.5,11.2,146.8,1026.5,94.5,17.2,36.5,2.8,1.0
2022-03-02,12.5,6.2,8.8,12.5,4.3,8.2,1.2,59.3,0.0,0,0.0,0.0,0.0,18.4,9.3,110.2,1020.9,94.4,15.4,41.8,3.4,1.0
2022-03-03,12.3,7.1,9.7,12.3,6.1,9.3,5.9,77.9,0.0,0,0.0,0.0,0.0,20.1,9.9,206.6,1016.8,94.9,12.0,51.5,4.1,0.0
2022-03-04,12.5,7.7,9.7,12.5,6.3,9.3,6.6,80.9,0.0,0,0.0,0.0,0.0,31.8,15.7,339.1,1018.4,93.8,10.1,28.1,2.3,0.02
2022-03-05,12.0,6.6,8.9,12.0,5.2,7.9,4.4,74.8,0.0,0,0.0,0.0,0.0,30.6,14.4,11.9,1019.7,74.8,8.7,50.5,4.0,0.04
2022-03-06,8.8,1.8,5.3,6.2,-1.8,2.1,-1.6,64.1,0.007,100,4.17,0.0,0.0,47.4,22.9,39.8,1022.7,30.9,10.5,58.0,4.5,0.08
2022-03-07,6.9,-0.1,3.4,3.8,-4.2,-0.3,-4.8,55.9,0.0,0,0.0,0.0,0.0,50.9,20.5,82.0,1021.8,5.7,17.1,58.9,4.7,0.12
2022-03-08,12.8,-0.2,5.9,12.8,-3.6,3.9,-3.2,53.0,0.0,0,0.0,0.0,0.0,33.5,15.7,125.9,1017.6,4.2,14.9,52.3,4.4,0.16
2022-03-09,15.4,3.4,9.2,15.4,1.3,8.3,2.6,64.6,0.0,0,0.0,0.0,0.0,34.8,15.3,174.3,1020.5,54.0,16.1,43.2,3.7,0.21
2022-03-10,17.0,5.2,10.8,17.0,2.7,9.9,2.9,59.3,0.0,0,0.0,0.0,0.0,33.8,16.2,143.8,1019.3,60.0,19.7,55.5,4.7,0.25
2022-03-11,12.9,7.1,9.8,12.9,5.3,8.8,5.6,75.6,2.993,100,20.83,0.0,0.0,48.5,19.7,171.0,1011.0,83.4,21.1,20.8,1.8,0.3
2022-03-12,10.3,6.0,8.4,10.3,3.8,6.5,5.9,84.3,0.329,100,16.67,0.0,0.0,43.7,22.4,173.8,1014.4,92.1,24.9,26.4,2.1,0.35
2022-03-13,11.5,7.1,8.9,11.5,5.0,7.1,5.4,79.1,1.575,100,37.5,0.0,0.0,42.9,20.4,175.3,1011.7,93.3,22.6,24.8,2.2,0.39
2022-03-14,14.7,4.2,9.5,14.7,2.8,8.6,4.3,72.7,0.0,0,0.0,0.0,0.0,29.5,13.8,156.9,1025.1,60.5,21.8,59.6,5.1,0.43
2022-03-15,11.3,9.2,10.1,11.3,7.9,9.7,8.1,88.1,3.577,100,25.0,0.0,0.0,23.2,12.4,119.9,1022.7,97.6,13.9,15.8,1.4,0.46
2022-03-16,14.3,8.8,11.2,14.3,7.5,10.8,8.6,84.7,0.0,0,0.0,0.0,0.0,54.6,20.5,154.0,1020.0,95.0,14.1,29.9,2.3,0.48
2022-03-17,11.3,7.0,8.8,11.3,4.7,6.7,4.3,73.4,0.0,0,0.0,0.0,0.0,43.5,21.5,0.3,1030.9,93.7,22.4,31.9,2.6,0.5
2022-03-18,15.4,4.4,9.6,15.4,1.0,8.1,-0.3,54.6,0.0,0,0.0,0.0,0.0,64.2,28.1,50.0,1037.8,38.1,19.2,67.5,5.9,0.5
2022-03-19,16.1,5.9,10.9,16.1,2.8,9.6,-0.3,47.2,0.0,0,0.0,0.0,0.0,47.3,21.3,80.0,1032.7,8.8,19.3,66.0,5.6,0.51
2022-03-20,13.2,3.4,8.4,13.2,0.7,7.1,-1.8,49.8,0.0,0,0.0,0.0,0.0,40.3,15.1,101.7,1026.9,37.1,22.0,63.8,5.5,0.53
2022-03-21,18.0,6.6,12.1,18.0,5.9,11.8,4.6,61.9,0.0,0,0.0,0.0,0.0,30.0,16.1,134.6,1028.1,39.5,16.6,63.8,5.4,0.56
2022-03-22,18.3,7.8,12.8,18.3,6.3,12.5,1.7,49.3,0.0,0,0.0,0.0,0.0,44.1,20.2,139.2,1028.9,17.2,19.6,70.1,6.0,0.61
2022-03-23,18.3,4.8,12.3,18.3,4.7,11.9,-0.3,44.1,0.0,0,0.0,0.0,0.0,32.8,14.7,124.6,1029.6,11.7,18.2,72.9,6.4,0.66
2022-03-24,20.5,7.5,14.0,20.5,7.5,13.9,-0.2,39.5,0.0,0,0.0,0.0,0.0,25.6,11.3,66.0,1027.7,7.8,18.0,70.7,6.2,0.71
2022-03-25,19.6,7.8,13.8,19.6,6.5,13.6,0.1,40.1,0.0,0,0.0,0.0,0.0,39.7,19.7,46.3,1027.6,0.0,13.0,70.6,6.1,0.77
2022-03-26,19.4,7.8,13.7,19.4,6.0,13.2,0.3,42.4,0.0,0,0.0,0.0,0.0,43.3,22.4,52.5,1027.6,0.0,14.5,76.6,6.5,0.83
2022-03-27,21.2,8.9,14.6,21.2,7.4,14.3,2.6,46.6,0.0,0,0.0,0.0,0.0,31.3,13.0,57.4,1027.4,0.0,16.7,78.3,6.5,0.88
2022-03-28,21.5,8.7,15.0,21.5,8.7,15.0,3.6,50.1,0.0,0,0.0,0.0,0.0,20.4,10.7,63.8,1022.1,67.2,14.8,50.3,4.5,0.92
2022-03-29,17.9,11.8,14.0,17.9,11.8,14.0,5.2,56.5,0.393,100,16.67,0.0,0.0,36.0,15.2,41.0,1010.1,96.6,16.2,32.4,2.9,0.96
2022-03-30,12.9,8.8,10.6,12.9,6.5,10.3,8.3,85.5,4.72,100,29.17,0.0,0.0,32.5,16.1,35.3,1002.9,94.5,6.3,30.9,2.6,0.99
2022-03-31,8.7,3.5,6.2,6.2,-1.4,2.8,2.3,76.5,1.073,100,25.0,0.0,0.0,62.4,31.2,2.2,1001.9,89.6,15.5,54.3,4.6,1.0
2022-04-01,3.6,1.2,2.3,-1.3,-4.0,-2.8,-0.7,80.6,1.664,100,37.5,0.6,0.2,60.7,28.3,356.0,1008.2,97.4,18.0,13.2,1.1,0.0
2022-04-02,7.7,1.2,4.3,4.1,-3.5,0.0,-4.1,56.0,0.0,0,0.0,0.0,0.2,57.8,33.1,17.4,1017.7,69.3,23.8,37.2,3.1,0.01
2022-04-03,8.8,1.3,5.3,6.2,-2.1,2.3,-4.4,50.9,0.0,0,0.0,0.0,0.1,45.8,19.8,29.5,1023.7,64.3,23.4,50.8,4.3,0.03
2022-04-04,10.1,1.1,6.2,10.1,-0.9,3.9,-1.1,60.8,0.0,0,0.0,0.0,0.0,49.7,25.3,260.1,1020.0,70.0,21.8,33.5,2.8,0.05
2022-04-05,13.0,7.9,10.1,13.0,5.8,9.0,7.5,84.1,1.171,100,12.5,0.0,0.0,35.6,15.8,251.1,1013.6,98.9,16.5,21.6,1.9,0.09
2022-04-06,12.9,8.2,10.6,12.9,6.0,10.0,5.6,71.3,0.0,0,0.0,0.0,0.0,56.7,25.2,240.0,1007.7,92.6,25.6,55.3,4.9,0.12
2022-04-07,14.7,9.9,12.2,14.7,7.5,12.1,6.8,71.3,1.657,100,25.0,0.0,0.0,71.1,33.6,255.8,998.0,91.1,21.3,76.4,6.7,0.17
2022-04-08,9.4,1.9,6.3,7.0,-2.7,3.7,3.9,86.0,36.401,100,66.67,0.4,0.1,49.9,28.7,5.1,1000.4,97.1,14.1,16.3,1.4,0.21
2022-04-09,11.0,3.2,6.2,11.0,-0.7,4.6,1.7,75.1,3.487,100,37.5,0.0,0.1,34.5,16.5,307.4,1015.6,77.5,21.2,64.3,5.5,0.26
2022-04-10,14.3,1.4,8.3,14.3,1.4,8.0,0.8,61.9,0.0,0,0.0,0.0,0.0,31.3,13.3,143.9,1020.6,46.2,22.4,79.4,6.8,0.31
2022-04-11,19.4,5.6,12.3,19.4,3.3,11.3,2.7,52.9,0.0,0,0.0,0.0,0.0,36.9,17.5,123.7,1011.5,76.6,24.3,86.4,7.4,0.35
2022-04-12,21.3,11.0,15.9,21.3,11.0,15.9,7.9,59.7,0.0,0,0.0,0.0,0.0,42.5,21.5,197.5,1008.5,90.1,24.4,66.9,5.7,0.4
2022-04-13,16.4,12.6,14.1,16.4,12.6,14.1,11.1,82.8,7.785,100,29.17,0.0,0.0,22.0,9.4,221.8,1017.0,96.6,19.2,45.1,4.0,0.44
2022-04-14,20.9,10.8,15.7,20.9,10.8,15.7,9.9,71.7,0.158,100,8.33,0.0,0.0,28.8,11.1,357.0,1022.1,72.3,19.4,92.8,8.0,0.47
2022-04-15,21.0,10.9,16.1,21.0,10.9,16.1,8.9,64.2,0.0,0,0.0,0.0,0.0,32.6,17.2,13.5,1025.5,59.0,22.1,97.7,8.6,0.49
2022-04-16,19.7,10.0,15.0,19.7,10.0,15.0,6.8,59.7,0.0,0,0.0,0.0,0.0,40.7,20.7,55.4,1027.2,24.1,19.4,108.3,9.3,0.5
2022-04-17,22.0,8.0,14.8,22.0,6.3,14.6,0.7,40.2,0.0,0,0.0,0.0,0.0,31.4,15.4,100.6,1023.1,48.4,24.3,100.6,8.8,0.51
2022-04-18,19.6,8.3,14.6,19.6,8.3,14.6,1.0,41.0,0.0,0,0.0,0.0,0.0,38.2,16.7,44.3,1017.1,74.4,25.0,83.3,7.2,0.52
2022-04-19,17.8,8.3,13.0,17.8,6.6,12.6,6.4,65.0,0.0,0,0.0,0.0,0.0,38.5,18.2,342.5,1014.6,78.1,21.9,101.2,8.6,0.55
2022-04-20,19.8,8.4,13.9,19.8,6.8,13.4,4.4,56.4,0.0,0,0.0,0.0,0.0,42.6,19.3,35.4,1011.8,80.9,18.1,94.7,8.2,0.59
2022-04-21,19.9,9.5,14.8,19.9,7.9,14.7,2.7,44.5,0.0,0,0.0,0.0,0.0,45.8,18.8,65.9,1008.2,60.5,23.8,120.6,10.5,0.64
2022-04-22,19.4,9.9,15.0,19.4,8.5,15.0,5.5,53.8,0.0,0,0.0,0.0,0.0,39.0,18.1,60.4,1002.4,38.4,23.1,103.6,8.9,0.7
2022-04-23,19.6,10.2,14.5,19.6,10.2,14.5,7.5,63.2,0.337,100,12.5,0.0,0.0,49.0,18.6,66.5,997.6,83.7,21.3,79.2,6.6,0.75
2022-04-24,18.7,10.1,14.8,18.7,10.1,14.8,7.0,61.0,0.0,0,0.0,0.0,0.0,34.7,15.6,12.5,1002.2,74.6,20.0,46.9,3.9,0.81
2022-04-25,16.5,9.4,12.8,16.5,7.2,12.5,5.0,61.0,0.0,0,0.0,0.0,0.0,40.8,18.5,7.1,1011.2,67.6,18.5,141.3,12.1,0.86
2022-04-26,15.3,7.6,11.3,15.3,5.7,10.6,5.6,69.0,0.007,100,4.17,0.0,0.0,31.7,15.0,25.4,1018.4,65.4,14.4,144.5,12.6,0.91
2022-04-27,19.1,6.1,12.8,19.1,3.4,12.0,4.7,59.4,0.0,0,0.0,0.0,0.0,42.9,19.5,51.6,1022.7,36.4,18.6,105.8,9.1,0.95
2022-04-28,21.3,8.1,15.3,21.3,6.2,14.8,5.0,53.2,0.0,0,0.0,0.0,0.0,39.6,16.7,53.4,1025.6,62.1,18.3,89.4,7.7,0.98
2022-04-29,19.8,11.3,15.2,19.8,11.3,15.2,6.6,57.1,0.0,0,0.0,0.0,0.0,37.5,19.9,22.8,1026.7,69.0,16.8,115.0,10.0,1.0
2022-04-30,17.3,7.4,12.1,17.3,5.4,11.4,4.4,61.5,0.0,0,0.0,0.0,0.0,42.9,19.3,22.8,1026.4,38.6,16.5,134.5,11.6,1.0
2022-05-01,17.8,6.5,12.3,17.8,4.1,11.6,3.1,55.3,0.0,0,0.0,0.0,0.0,36.2,15.2,40.5,1023.1,79.0,21.0,137.0,12.0,0.0
2022-05-02,18.2,8.7,13.8,18.2,7.5,13.6,5.1,56.7,0.0,0,0.0,0.0,0.0,34.0,16.7,23.1,1018.5,75.9,19.0,83.5,7.3,0.01
2022-05-03,19.7,9.9,14.6,19.7,8.2,14.5,5.6,56.2,0.0,0,0.0,0.0,0.0,39.5,18.8,19.7,1018.0,67.3,17.1,79.3,6.8,0.03
2022-05-04,19.1,9.8,13.9,19.1,8.5,13.9,7.3,65.9,0.238,100,8.33,0.0,0.0,37.0,17.6,0.3,1019.5,93.0,16.1,48.0,4.2,0.06
2022-05-05,18.0,10.6,14.4,18.0,10.6,14.4,8.1,67.1,0.014,100,4.17,0.0,0.0,35.9,18.1,334.4,1023.1,81.6,20.9,73.9,6.5,0.09
2022-05-06,21.7,10.0,16.0,21.7,10.0,16.0,8.1,62.3,0.007,100,4.17,0.0,0.0,28.7,14.1,0.8,1025.8,31.8,20.0,89.2,7.6,0.13
2022-05-07,21.8,11.3,16.3,21.8,11.3,16.3,9.0,63.6,0.0,0,0.0,0.0,0.0,31.1,13.7,1.1,1024.3,82.6,21.6,124.3,10.7,0.18
2022-05-08,22.2,11.7,16.2,22.2,11.7,16.2,10.5,70.7,0.0,0,0.0,0.0,0.0,34.2,16.7,27.3,1024.9,48.7,14.2,120.4,10.5,0.22
2022-05-09,26.1,11.2,18.9,26.1,11.2,18.9,9.0,55.4,0.0,0,0.0,0.0,0.0,24.6,10.9,351.7,1024.0,32.4,21.5,103.8,9.0,0.27
2022-05-10,27.3,15.1,21.4,26.9,15.1,21.3,10.6,52.7,0.0,0,0.0,0.0,0.0,46.0,20.2,224.0,1018.7,72.2,21.3,147.0,12.7,0.32
2022-05-11,25.1,13.6,19.8,25.1,13.6,19.8,10.7,57.6,0.0,0,0.0,0.0,0.0,50.8,23.8,245.6,1014.2,26.3,22.1,146.1,12.5,0.37
2022-05-12,20.0,12.6,16.8,20.0,12.6,16.8,9.2,62.0,0.0,0,0.0,0.0,0.0,34.3,14.9,294.7,1019.9,69.2,24.3,62.2,5.3,0.41
2022-05-13,21.6,10.9,16.3,21.6,10.9,16.3,6.4,53.3,0.0,0,0.0,0.0,0.0,31.7,16.0,315.9,1022.9,30.5,25.5,144.4,12.4,0.45
2022-05-14,24.0,11.1,17.8,24.0,11.1,17.8,7.7,53.4,0.0,0,0.0,0.0,0.0,23.8,12.3,73.4,1021.6,55.9,24.1,120.6,10.4,0.48
2022-05-15,29.1,14.5,21.4,28.1,14.5,21.2,9.9,51.0,2.618,100,12.5,0.0,0.0,44.7,18.1,123.6,1014.6,75.2,22.7,103.7,9.1,0.5
2022-05-16,25.4,16.3,20.0,25.4,16.3,20.0,13.5,69.0,0.552,100,12.5,0.0,0.0,31.6,13.3,233.1,1017.0,82.0,22.6,94.9,8.1,0.5
2022-05-17,28.6,16.2,23.0,28.3,16.2,22.9,13.0,55.9,0.0,0,0.0,0.0,0.0,29.6,14.0,140.6,1018.7,53.0,24.7,276.0,23.8,0.52
2022-05-18,29.1,17.0,23.5,28.7,17.0,23.5,14.4,58.1,0.037,100,4.17,0.0,0.0,32.8,14.8,44.4,1019.3,63.7,24.4,128.2,11.1,0.54
2022-05-19,25.5,20.3,22.7,25.5,20.3,22.7,15.8,65.9,0.172,100,4.17,0.0,0.0,47.1,21.7,329.8,1018.1,82.0,22.3,140.4,12.2,0.58
2022-05-20,23.0,14.3,18.0,23.0,14.3,18.0,13.0,72.7,2.347,100,37.5,0.0,0.0,47.2,23.5,344.4,1019.7,81.5,20.4,69.2,5.9,0.63
2022-05-21,24.8,11.8,17.9,24.8,11.8,17.9,10.6,65.1,0.014,100,4.17,0.0,0.0,25.5,10.6,285.7,1022.5,58.1,20.7,173.6,15.1,0.68
2022-05-22,22.4,15.0,19.0,22.4,15.0,19.0,11.6,62.5,0.0,0,0.0,0.0,0.0,28.9,14.9,71.8,1014.0,88.6,21.6,68.5,5.9,0.74
2022-05-23,18.4,14.0,16.7,18.4,14.0,16.7,13.7,83.1,5.665,100,50.0,0.0,0.0,38.0,17.0,264.5,1003.4,95.0,17.6,40.3,3.3,0.79
2022-05-24,18.9,11.0,14.4,18.9,11.0,14.4,8.6,69.8,2.512,100,16.67,0.0,0.0,53.0,21.0,259.5,1009.3,82.8,20.9,122.3,10.6,0.85
2022-05-25,19.6,9.8,15.2,19.6,9.5,15.2,7.8,63.5,0.014,100,4.17,0.0,0.0,50.1,17.9,262.9,1018.2,55.8,20.6,73.6,6.4,0.89
2022-05-26,20.2,13.3,16.5,20.2,13.3,16.5,11.1,70.8,0.0,0,0.0,0.0,0.0,34.5,15.2,286.9,1024.9,93.9,20.1,69.1,5.9,0.93
2022-05-27,21.5,13.5,16.6,21.5,13.5,16.6,10.2,66.8,0.0,0,0.0,0.0,0.0,37.0,15.3,301.0,1025.4,73.1,22.2,92.8,7.8,0.96
2022-05-28,19.8,10.5,15.6,19.8,10.5,15.6,7.3,59.9,0.0,0,0.0,0.0,0.0,47.9,22.6,14.8,1022.5,44.8,21.5,98.6,8.6,0.99
2022-05-29,16.2,8.6,12.9,16.2,6.6,12.4,4.0,56.4,0.0,0,0.0,0.0,0.0,46.9,20.2,29.1,1016.9,59.0,24.5,77.5,7.2,1.0
2022-05-30,19.3,8.3,13.9,19.3,6.7,13.5,4.9,57.2,0.0,0,0.0,0.0,0.0,33.1,15.9,33.0,1013.2,45.8,23.1,110.1,9.7,0.0
2022-05-31,20.7,12.2,16.5,20.7,12.2,16.5,5.2,48.1,0.0,0,0.0,0.0,0.0,40.2,15.6,317.9,1013.3,72.6,24.4,90.3,7.7,0.0
2022-06-01,21.8,10.3,16.5,21.8,10.3,16.5,6.2,52.3,0.0,0,0.0,0.0,0.0,33.9,16.0,340.0,1016.7,44.6,24.6,116.4,10.1,0.02
2022-06-02,24.8,11.3,18.6,24.8,11.3,18.6,6.4,47.1,0.0,0,0.0,0.0,0.0,35.8,15.0,65.8,1017.9,58.2,23.4,263.5,22.8,0.04
2022-06-03,22.8,14.9,18.8,22.8,14.9,18.8,11.7,64.7,1.751,100,12.5,0.0,0.0,26.6,11.8,56.0,1014.9,76.7,23.8,52.4,4.4,0.07
2022-06-04,28.8,16.3,19.8,29.0,16.3,19.9,15.9,80.4,23.956,100,29.17,0.0,0.0,48.2,17.4,56.1,1015.5,75.9,17.6,57.1,5.0,0.11
2022-06-05,21.6,15.6,18.6,21.6,15.6,18.6,15.6,83.4,0.84,100,16.67,0.0,0.0,43.5,17.5,288.0,1015.1,91.6,19.6,142.5,12.2,0.14
2022-06-06,21.8,13.2,17.7,21.8,13.2,17.7,10.6,65.5,0.0,0,0.0,0.0,0.0,36.1,16.4,253.5,1017.6,71.8,22.7,121.9,10.4,0.19
2022-06-07,22.9,15.7,18.6,22.9,15.7,18.6,12.1,67.4,0.272,100,16.67,0.0,0.0,46.7,19.4,242.3,1015.0,84.9,23.4,158.9,13.8,0.24
2022-06-08,20.9,14.4,17.3,20.9,14.4,17.3,12.6,75.3,10.45,100,37.5,0.0,0.0,60.9,24.6,273.3,1010.3,86.3,18.8,94.7,8.3,0.29
2022-06-09,21.4,12.5,16.9,21.4,12.5,16.9,9.9,65.2,0.144,100,4.17,0.0,0.0,36.0,15.5,281.1,1018.2,71.2,22.7,137.9,11.9,0.35
2022-06-10,22.7,14.4,19.3,22.7,14.4,19.3,12.7,66.4,0.0,0,0.0,0.0,0.0,36.5,17.3,230.0,1022.5,64.7,23.2,93.4,8.1,0.39
2022-06-11,25.9,15.4,20.6,25.9,15.4,20.6,13.8,66.8,0.016,100,4.17,0.0,0.0,35.0,17.8,325.2,1023.0,46.3,23.1,188.1,16.4,0.44
2022-06-12,24.5,14.0,19.1,24.5,14.0,19.1,9.3,54.6,0.0,0,0.0,0.0,0.0,36.4,18.5,354.9,1024.0,35.9,23.9,169.3,14.6,0.47
2022-06-13,23.3,12.2,18.0,23.3,12.2,18.0,8.6,56.3,0.0,0,0.0,0.0,0.0,35.1,15.3,5.4,1024.0,13.4,22.7,165.0,14.4,0.49
2022-06-14,26.5,13.7,20.6,26.5,13.7,20.6,9.2,49.8,0.0,0,0.0,0.0,0.0,29.2,12.1,82.1,1020.1,42.2,23.7,172.5,14.9,0.5
2022-06-15,30.6,16.3,23.7,29.5,16.3,23.4,11.0,46.8,0.0,0,0.0,0.0,0.0,31.3,14.5,21.1,1016.4,43.1,23.3,161.7,14.0,0.51
2022-06-16,29.8,17.7,24.0,28.3,17.7,23.6,10.5,45.2,0.0,0,0.0,0.0,0.0,29.8,12.8,21.3,1020.7,39.4,22.3,152.2,13.2,0.53
2022-06-17,34.0,19.0,26.7,33.1,19.0,26.2,12.2,42.3,0.0,0,0.0,0.0,0.0,22.3,10.3,171.2,1022.0,26.1,23.1,152.4,13.4,0.57
2022-06-18,36.2,21.2,29.2,36.6,21.2,29.2,15.3,45.2,0.0,0,0.0,0.0,0.0,32.9,14.9,153.7,1014.8,12.9,21.7,155.8,13.3,0.62
2022-06-19,28.0,15.2,20.6,28.5,15.2,20.6,14.5,69.5,1.334,100,25.0,0.0,0.0,52.8,27.0,18.5,1009.2,63.6,18.1,135.0,11.8,0.67
2022-06-20,22.5,14.6,18.0,22.5,14.6,18.0,13.9,78.6,11.942,100,29.17,0.0,0.0,45.6,20.0,44.4,1014.2,93.9,13.4,113.3,9.8,0.72
2022-06-21,26.5,14.9,20.8,26.5,14.9,20.8,14.0,66.0,0.79,100,8.33,0.0,0.0,34.0,13.6,59.5,1012.2,72.6,22.1,100.3,8.5,0.77
2022-06-22,25.3,16.7,20.7,25.3,16.7,20.7,14.0,65.6,0.0,0,0.0,0.0,0.0,32.1,15.5,56.8,1010.3,85.2,22.5,131.7,11.4,0.82
2022-06-23,28.1,18.4,23.0,27.8,18.4,23.0,15.1,63.8,0.297,100,4.17,0.0,0.0,32.2,14.8,216.5,1010.0,83.5,21.6,90.3,7.7,0.87
2022-06-24,24.1,17.5,21.1,24.1,17.5,21.1,14.6,67.8,8.118,100,29.17,0.0,0.0,51.5,22.5,229.1,1008.5,85.6,22.3,128.1,11.2,0.91
2022-06-25,19.1,15.1,17.4,19.1,15.1,17.4,12.7,74.0,0.59,100,29.17,0.0,0.0,36.8,15.5,213.0,1011.7,96.8,23.3,48.0,4.0,0.95
2022-06-26,21.9,13.0,17.4,21.9,13.0,17.4,10.7,66.8,0.0,0,0.0,0.0,0.0,27.6,14.2,201.7,1015.0,80.6,23.8,70.1,6.1,0.97
2022-06-27,23.8,15.0,19.0,23.8,15.0,19.0,9.8,58.7,0.0,0,0.0,0.0,0.0,42.2,17.1,266.6,1017.7,71.3,23.8,140.3,12.1,0.99
2022-06-28,27.3,13.6,21.0,26.6,13.6,20.9,9.5,51.4,0.0,0,0.0,0.0,0.0,33.9,11.4,215.8,1019.3,25.3,23.5,176.0,15.3,1.0
2022-06-29,26.4,15.0,21.1,26.4,15.0,21.1,10.6,52.8,0.0,0,0.0,0.0,0.0,36.0,15.9,257.3,1014.2,51.8,23.5,154.6,13.4,0.0
2022-06-30,17.8,13.6,15.5,17.8,13.6,15.5,12.4,82.2,10.193,100,29.17,0.0,0.0,33.8,14.1,224.4,1014.5,92.8,20.3,59.5,5.3,0.01
2022-07-01,21.7,11.4,16.7,21.7,11.4,16.7,9.0,63.6,0.021,100,4.17,0.0,0.0,30.1,11.5,253.2,1019.6,51.6,23.9,98.7,8.5,0.03
2022-07-02,26.9,12.1,20.2,26.6,12.1,20.1,9.2,52.4,0.007,100,4.17,0.0,0.0,34.0,15.4,216.0,1020.5,13.7,24.0,172.4,15.0,0.05
2022-07-03,24.2,14.6,19.5,24.2,14.6,19.5,10.1,55.7,0.0,0,0.0,0.0,0.0,35.9,14.9,334.8,1020.3,45.9,24.8,196.1,17.1,0.08
2022-07-04,26.4,13.1,19.9,26.4,13.1,19.9,10.0,55.3,0.0,0,0.0,0.0,0.0,37.4,19.1,342.0,1021.6,20.3,24.0,166.9,14.4,0.12
2022-07-05,25.7,13.2,19.6,25.7,13.2,19.6,10.7,59.0,0.0,0,0.0,0.0,0.0,40.3,19.7,345.5,1023.8,14.3,24.0,179.1,15.6,0.17
2022-07-06,26.0,13.9,20.3,26.0,13.9,20.3,10.2,54.3,0.0,0,0.0,0.0,0.0,37.8,18.2,348.5,1026.5,43.5,24.4,158.8,13.9,0.22
2022-07-07,21.5,16.0,19.0,21.5,16.0,19.0,12.9,68.1,0.0,0,0.0,0.0,0.0,37.7,18.5,352.8,1027.1,73.0,24.0,48.0,4.2,0.27
2022-07-08,27.4,12.6,20.0,26.8,12.6,19.9,9.8,54.9,0.0,0,0.0,0.0,0.0,35.0,14.8,36.8,1031.3,4.3,22.5,167.5,14.5,0.33
2022-07-09,29.2,16.9,22.9,28.4,16.9,22.8,12.4,53.2,0.0,0,0.0,0.0,0.0,48.2,22.4,20.4,1027.9,45.1,23.9,140.1,12.2,0.38
2022-07-10,27.1,14.4,21.1,26.8,14.4,21.1,10.7,53.2,0.0,0,0.0,0.0,0.0,44.7,21.7,51.8,1025.9,12.0,23.6,165.9,14.4,0.42
2022-07-11,30.0,17.6,24.1,29.4,17.6,23.9,12.6,50.3,0.0,0,0.0,0.0,0.0,37.8,15.3,72.2,1022.5,24.0,23.3,160.8,14.0,0.46
2022-07-12,33.1,18.8,26.4,31.3,18.8,25.8,12.1,45.0,0.0,0,0.0,0.0,0.0,26.1,11.7,91.6,1022.9,76.1,24.9,164.2,14.4,0.49
2022-07-13,36.4,20.9,28.4,35.3,20.9,27.8,11.5,36.9,0.0,0,0.0,0.0,0.0,42.6,21.8,248.4,1020.8,64.9,23.6,151.0,13.0,0.5
2022-07-14,30.4,21.2,25.7,29.3,21.2,25.3,12.6,45.6,0.0,0,0.0,0.0,0.0,44.0,21.6,342.4,1019.4,55.7,22.2,164.1,14.0,0.51
2022-07-15,26.8,16.2,21.9,26.5,16.2,21.8,8.2,44.0,0.0,0,0.0,0.0,0.0,45.0,18.6,38.7,1022.5,17.5,23.6,161.5,14.0,0.53
2022-07-16,29.0,15.6,22.8,27.8,15.6,22.6,9.2,43.8,0.0,0,0.0,0.0,0.0,35.7,15.5,33.0,1023.3,15.8,24.1,158.5,13.8,0.55
2022-07-17,32.0,17.7,24.9,30.1,17.7,24.4,8.5,37.4,0.0,0,0.0,0.0,0.0,34.4,13.2,76.9,1024.3,30.8,23.6,155.1,13.5,0.6
2022-07-18,37.8,20.2,29.0,36.1,20.2,28.1,9.4,31.7,0.0,0,0.0,0.0,0.0,27.2,11.4,121.2,1020.3,17.1,24.1,147.8,13.1,0.65
2022-07-19,40.0,23.4,31.2,39.2,23.4,30.9,12.1,33.3,0.0,0,0.0,0.0,0.0,52.1,25.9,176.9,1013.6,13.3,19.6,136.5,11.7,0.7
2022-07-20,26.3,19.0,21.3,26.3,19.0,21.3,17.5,80.1,6.434,100,50.0,0.0,0.0,39.3,15.5,214.3,1018.4,91.5,17.4,99.3,8.4,0.75
2022-07-21,27.1,17.8,21.7,27.4,17.8,21.7,16.0,71.7,0.016,100,4.17,0.0,0.0,28.3,12.2,320.0,1021.0,74.3,19.8,102.2,8.9,0.8
2022-07-22,24.9,17.1,21.2,24.9,17.1,21.2,16.9,77.0,0.952,100,16.67,0.0,0.0,30.8,12.9,40.3,1018.4,70.8,16.5,63.2,5.5,0.85
2022-07-23,26.9,18.8,21.7,27.2,18.8,21.7,16.4,74.0,0.0,0,0.0,0.0,0.0,26.5,13.2,307.5,1019.5,82.2,14.2,154.0,13.1,0.89
2022-07-24,32.9,18.1,25.7,32.2,18.1,25.5,14.6,53.9,0.0,0,0.0,0.0,0.0,34.3,14.8,170.9,1017.2,16.0,20.3,151.0,13.0,0.93
2022-07-25,27.2,20.0,23.5,26.8,20.0,23.5,13.6,54.5,0.0,0,0.0,0.0,0.0,45.8,21.9,285.0,1013.4,59.6,23.2,156.5,13.6,0.96
2022-07-26,22.4,17.0,19.7,22.4,17.0,19.7,12.1,62.6,0.0,0,0.0,0.0,0.0,33.3,18.7,312.3,1018.8,86.9,26.3,85.6,7.6,0.98
2022-07-27,25.5,14.6,20.3,25.5,14.6,20.3,10.3,55.7,0.0,0,0.0,0.0,0.0,34.4,18.3,43.9,1018.6,68.6,24.9,94.4,8.3,1.0
2022-07-28,26.1,16.3,21.4,26.1,16.3,21.4,8.6,44.9,0.0,0,0.0,0.0,0.0,35.3,16.1,27.8,1015.4,84.8,26.3,98.3,8.7,1.0
2022-07-29,28.9,16.6,23.3,27.8,16.6,23.0,9.4,42.5,0.0,0,0.0,0.0,0.0,29.5,11.0,346.8,1016.9,55.8,25.0,135.7,11.8,0.0
2022-07-30,29.5,18.1,24.6,28.6,18.1,24.3,11.5,45.3,0.0,0,0.0,0.0,0.0,35.0,14.5,345.5,1019.1,57.0,26.2,131.9,11.5,0.01
2022-07-31,28.2,18.6,23.0,28.4,18.6,23.1,15.0,61.9,0.0,0,0.0,0.0,0.0,33.4,16.9,325.8,1019.6,50.0,24.9,163.3,14.0,0.04
2022-08-01,26.7,20.1,22.8,26.9,20.1,22.8,15.1,63.0,0.0,0,0.0,0.0,0.0,24.9,11.4,307.1,1018.9,84.0,26.3,75.8,6.4,0.07
2022-08-02,31.2,18.3,24.6,30.5,18.3,24.4,14.1,54.4,0.0,0,0.0,0.0,0.0,27.4,12.0,339.6,1018.1,60.8,24.9,131.5,11.4,0.1
2022-08-03,35.4,20.0,28.0,34.6,20.0,27.7,14.9,48.5,0.0,0,0.0,0.0,0.0,26.5,12.0,87.6,1014.4,27.3,25.7,143.7,12.4,0.14
2022-08-04,28.3,20.7,24.1,28.9,20.7,24.3,16.4,62.6,0.336,100,8.33,0.0,0.0,37.7,19.4,349.1,1014.0,82.3,25.7,79.1,6.7,0.2
2022-08-05,25.6,16.2,20.7,25.6,16.2,20.7,12.6,63.2,7.922,100,33.33,0.0,0.0,46.9,22.0,349.6,1019.0,65.5,22.8,113.8,9.8,0.25
2022-08-06,25.2,13.5,19.8,25.2,13.5,19.8,6.1,42.8,0.0,0,0.0,0.0,0.0,48.0,19.7,44.6,1025.7,17.1,24.7,144.7,12.4,0.31
2022-08-07,27.3,14.6,21.2,26.6,14.6,21.1,7.4,42.7,0.0,0,0.0,0.0,0.0,44.2,18.8,34.9,1023.4,24.9,25.6,141.6,12.2,0.36
2022-08-08,29.0,15.5,22.6,27.8,15.5,22.3,9.2,44.9,0.0,0,0.0,0.0,0.0,41.6,18.7,35.0,1023.2,25.8,25.2,136.9,11.7,0.41
2022-08-09,31.1,16.9,24.1,29.7,16.9,23.7,11.6,48.5,0.0,0,0.0,0.0,0.0,42.5,18.6,32.4,1023.8,17.4,25.0,139.0,12.0,0.45
2022-08-10,32.7,18.7,26.0,30.9,18.7,25.4,10.5,40.3,0.0,0,0.0,0.0,0.0,42.5,22.3,50.9,1021.5,22.5,22.4,136.2,11.7,0.48
2022-08-11,32.6,20.1,26.7,30.7,20.1,25.9,9.0,34.4,0.0,0,0.0,0.0,0.0,44.8,19.5,69.1,1018.3,19.7,24.8,111.8,9.8,0.5
2022-08-12,33.8,20.2,27.2,31.9,20.2,26.4,8.7,32.8,0.0,0,0.0,0.0,0.0,40.9,17.2,78.1,1015.1,12.0,24.4,139.6,12.1,0.5
2022-08-13,32.8,20.2,26.9,30.7,20.2,26.1,7.6,30.7,0.0,0,0.0,0.0,0.0,35.9,15.8,105.8,1012.7,23.8,25.8,118.1,10.3,0.52
2022-08-14,27.9,17.9,22.8,27.6,17.9,22.8,12.5,54.9,10.886,100,20.83,0.0,0.0,47.3,18.4,190.4,1007.3,90.0,24.5,69.8,5.9,0.54
2022-08-15,26.5,16.5,20.5,26.5,16.5,20.5,16.2,78.2,0.127,100,20.83,0.0,0.0,33.3,11.4,205.9,1005.8,74.0,16.0,116.3,10.3,0.58
2022-08-16,27.7,17.9,21.1,28.1,17.9,21.1,16.3,75.8,39.699,100,12.5,0.0,0.0,54.6,12.8,194.7,1008.4,90.2,17.1,60.1,5.3,0.62
2022-08-17,26.9,17.6,20.1,27.5,17.6,20.1,17.0,84.2,0.145,100,16.67,0.0,0.0,33.5,11.4,157.2,1010.2,86.7,15.3,114.5,9.9,0.67
2022-08-18,27.7,16.7,22.1,27.8,16.7,22.1,15.5,69.0,0.172,100,12.5,0.0,0.0,37.6,18.3,317.8,1013.7,57.2,19.5,71.0,6.0,0.72
2022-08-19,23.9,18.1,20.6,23.9,18.1,20.6,16.0,75.4,0.662,100,12.5,0.0,0.0,32.0,16.7,307.3,1017.1,87.7,23.6,42.5,3.6,0.77
2022-08-20,24.9,13.9,19.6,24.9,13.9,19.6,12.0,64.3,0.014,100,4.17,0.0,0.0,33.4,10.8,290.7,1019.5,36.0,22.8,101.8,9.0,0.82
2022-08-21,26.3,14.8,20.8,26.3,14.8,20.8,12.6,60.9,0.0,0,0.0,0.0,0.0,31.9,14.9,180.9,1016.6,76.5,24.9,70.4,6.2,0.86
2022-08-22,25.3,16.7,21.3,25.3,16.7,21.3,14.2,64.2,0.0,0,0.0,0.0,0.0,28.3,13.0,249.0,1014.9,83.2,25.6,54.4,4.5,0.9
2022-08-23,27.2,18.6,22.9,27.7,18.6,23.1,16.5,68.1,0.0,0,0.0,0.0,0.0,23.0,9.3,251.1,1016.0,76.1,27.1,53.8,4.6,0.94
2022-08-24,32.1,19.1,25.7,31.6,19.1,25.6,15.8,57.7,0.0,0,0.0,0.0,0.0,27.5,10.2,99.7,1016.1,38.8,26.0,100.9,8.8,0.97
2022-08-25,30.7,19.6,25.0,30.9,19.6,25.0,14.5,53.0,0.0,0,0.0,0.0,0.0,46.3,23.4,346.6,1014.6,66.8,25.2,41.2,3.7,0.99
2022-08-26,26.2,18.5,21.7,26.2,18.5,21.7,14.7,66.6,0.0,0,0.0,0.0,0.0,42.3,17.8,355.2,1017.6,79.8,24.0,80.5,6.8,1.0
2022-08-27,25.1,16.4,20.7,25.1,16.4,20.7,11.7,58.4,0.0,0,0.0,0.0,0.0,36.5,15.0,29.6,1016.9,57.9,25.5,99.0,8.8,0.0
2022-08-28,26.1,15.4,20.6,26.1,15.4,20.6,12.1,59.1,0.0,0,0.0,0.0,0.0,35.5,17.6,35.5,1017.5,37.4,25.3,154.0,13.1,0.01
2022-08-29,28.7,16.9,22.5,28.4,16.9,22.4,11.4,50.2,0.0,0,0.0,0.0,0.0,45.1,18.1,40.0,1017.7,68.1,25.8,91.6,7.8,0.02
2022-08-30,27.4,15.6,21.4,27.2,15.6,21.4,11.9,56.1,1.556,100,12.5,0.0,0.0,38.9,16.5,15.9,1018.2,68.1,24.3,115.3,10.0,0.05
2022-08-31,27.1,16.8,21.8,27.0,16.8,21.8,12.6,56.6,0.0,0,0.0,0.0,0.0,31.6,13.0,9.6,1018.5,38.5,24.5,72.1,6.3,0.09
2022-09-01,27.9,17.2,22.3,27.5,17.2,22.2,13.6,60.1,0.0,0,0.0,0.0,0.0,27.8,12.6,86.2,1015.8,75.1,22.8,55.1,4.6,0.13
2022-09-02,24.1,18.1,20.8,24.1,18.1,20.8,13.3,62.9,0.268,100,25.0,0.0,0.0,29.9,12.8,106.2,1011.9,90.4,24.0,62.3,5.3,0.18
2022-09-03,23.7,17.6,20.2,23.7,17.6,20.2,15.4,74.8,0.014,100,4.17,0.0,0.0,39.4,18.9,210.8,1011.1,90.3,22.3,52.0,4.5,0.24
2022-09-04,29.2,15.3,22.1,28.4,15.3,22.0,12.4,57.1,0.0,0,0.0,0.0,0.0,31.0,13.6,158.4,1016.1,57.7,24.8,88.2,7.5,0.29
2022-09-05,30.1,17.1,22.8,29.8,17.1,22.8,15.5,66.9,8.657,100,16.67,0.0,0.0,58.7,15.6,155.4,1016.6,77.0,24.0,44.9,3.9,0.35
2022-09-06,28.8,16.1,21.4,28.2,16.1,21.3,15.2,71.5,0.834,100,16.67,0.0,0.0,41.1,18.5,209.1,1014.6,60.4,23.1,78.3,6.7,0.4
2022-09-07,21.6,16.1,18.4,21.6,16.1,18.4,15.1,81.2,4.107,100,41.67,0.0,0.0,37.0,17.3,202.6,1013.2,89.0,23.1,31.8,2.7,0.44
2022-09-08,22.7,15.0,17.8,22.7,15.0,17.8,13.9,79.2,0.456,100,20.83,0.0,0.0,48.3,21.8,218.3,1010.0,89.8,23.4,74.4,6.5,0.47
2022-09-09,19.4,15.2,16.9,19.4,15.2,16.9,13.4,80.0,3.708,100,20.83,0.0,0.0,48.6,20.0,233.8,1011.5,86.2,24.1,53.8,4.6,0.49
2022-09-10,19.5,14.9,16.4,19.5,14.9,16.4,14.0,85.9,5.319,100,33.33,0.0,0.0,37.8,16.1,258.4,1016.5,88.2,22.6,48.7,4.3,0.5
2022-09-11,22.9,12.5,17.2,22.9,12.5,17.2,13.5,81.1,0.304,100,12.5,0.0,0.0,21.9,10.5,146.3,1019.1,54.5,15.2,52.1,4.5,0.51
2022-09-12,27.3,13.8,20.1,27.2,13.8,20.1,13.4,68.5,0.035,100,12.5,0.0,0.0,25.9,11.5,125.8,1013.2,43.0,21.9,62.2,5.6,0.53
2022-09-13,26.0,19.5,22.2,26.0,19.5,22.2,15.8,67.7,0.422,100,16.67,0.0,0.0,30.9,12.1,98.5,1008.1,93.7,26.0,45.8,3.8,0.56
2022-09-14,25.9,19.3,22.2,25.9,19.3,22.2,17.2,75.0,0.172,100,12.5,0.0,0.0,41.7,16.8,246.3,1005.1,91.7,24.3,58.6,5.1,0.6
2022-09-15,21.9,14.8,18.8,21.9,14.8,18.8,12.9,69.9,0.075,100,8.33,0.0,0.0,37.3,18.0,342.2,1010.5,84.0,21.9,63.5,5.6,0.64
2022-09-16,17.8,12.4,15.1,17.8,12.4,15.1,8.3,65.0,0.017,100,4.17,0.0,0.0,55.3,26.5,353.5,1015.6,86.3,25.0,61.5,5.5,0.69
2022-09-17,16.7,9.6,13.0,16.7,8.3,12.9,4.9,59.5,0.0,0,0.0,0.0,0.0,43.6,19.0,333.8,1021.2,31.5,26.5,76.9,6.8,0.74
2022-09-18,19.1,8.4,13.5,19.1,7.8,13.3,6.0,62.0,0.0,0,0.0,0.0,0.0,45.9,20.7,313.6,1021.5,28.5,25.4,69.2,6.0,0.78
2022-09-19,18.2,10.0,14.0,18.2,9.7,14.0,6.5,62.4,0.0,0,0.0,0.0,0.0,31.6,16.2,348.9,1023.2,39.9,26.0,46.9,4.2,0.83
2022-09-20,17.2,8.9,13.1,17.2,7.9,12.9,7.1,67.8,0.0,0,0.0,0.0,0.0,26.6,10.7,8.9,1025.3,70.2,26.1,52.1,4.4,0.87
2022-09-21,18.9,9.7,14.2,18.9,8.6,14.1,7.2,64.8,0.0,0,0.0,0.0,0.0,31.7,15.7,40.5,1025.2,32.2,23.1,66.4,5.8,0.91
2022-09-22,20.4,9.1,14.7,20.4,9.1,14.7,5.7,57.2,0.0,0,0.0,0.0,0.0,23.9,8.2,50.5,1021.5,46.3,24.0,54.5,5.0,0.95
2022-09-23,20.7,10.7,15.2,20.7,10.7,15.2,7.4,61.3,0.0,0,0.0,0.0,0.0,12.9,5.6,164.1,1016.7,94.2,25.2,45.9,4.0,0.97
2022-09-24,17.2,13.1,14.9,17.2,13.1,14.9,11.5,80.6,2.835,100,33.33,0.0,0.0,32.0,14.8,296.8,1013.4,98.2,20.3,25.5,2.3,0.99
2022-09-25,19.6,11.7,14.8,19.6,11.7,14.8,8.9,69.4,0.228,100,8.33,0.0,0.0,36.2,16.1,15.3,1016.0,76.1,23.7,50.3,4.4,1.0
2022-09-26,14.7,11.7,12.6,14.7,11.7,12.6,8.7,77.6,6.887,100,33.33,0.0,0.0,52.9,20.5,245.5,1007.7,96.3,23.2,24.4,2.2,0.0
2022-09-27,13.8,10.5,12.2,13.8,10.5,12.2,9.5,84.0,2.305,100,33.33,0.0,0.0,44.2,19.9,266.6,1004.1,93.2,22.4,51.6,4.4,0.01
2022-09-28,15.1,11.2,12.4,15.1,11.2,12.4,8.6,78.3,0.291,100,16.67,0.0,0.0,40.8,12.3,289.5,1000.7,93.8,23.6,40.3,3.3,0.04
2022-09-29,14.0,9.9,11.4,14.0,9.5,11.4,8.4,82.5,0.263,100,20.83,0.0,0.0,20.1,9.6,252.7,1003.0,86.2,22.4,46.2,4.0,0.07
2022-09-30,18.2,7.4,12.2,18.2,6.2,12.1,7.2,74.0,0.165,100,12.5,0.0,0.0,42.3,16.6,237.2,1011.5,41.6,20.8,42.5,3.7,0.12
2022-10-01,20.2,12.2,16.0,20.2,12.2,16.0,11.6,76.6,2.494,100,33.33,0.0,0.0,59.9,28.7,245.6,1012.0,85.9,21.6,63.8,5.5,0.17
2022-10-02,19.6,12.7,16.1,19.6,12.7,16.1,13.6,85.5,1.879,100,29.17,0.0,0.0,52.2,21.5,266.4,1021.1,93.7,21.7,41.4,3.5,0.22
2022-10-03,14.1,10.2,11.8,14.1,10.2,11.8,10.2,90.4,0.18,100,12.5,0.0,0.0,23.6,10.4,114.5,1027.0,85.1,12.0,32.7,2.9,0.28
2022-10-04,18.7,7.5,12.7,18.7,7.5,12.7,10.0,85.3,0.172,100,12.5,0.0,0.0,24.9,10.1,186.5,1022.0,67.6,12.9,40.0,3.4,0.34
2022-10-05,20.5,11.5,15.9,20.5,11.5,15.9,12.0,78.6,0.036,100,4.17,0.0,0.0,53.6,24.5,220.0,1019.7,78.5,23.5,62.9,5.3,0.39
2022-10-06,18.7,10.3,14.4,18.7,10.3,14.4,8.2,67.8,0.014,100,4.17,0.0,0.0,31.9,13.2,284.8,1030.3,34.6,22.0,48.8,4.3,0.43
2022-10-07,18.8,7.3,12.9,18.8,7.3,12.9,6.7,68.8,0.171,100,12.5,0.0,0.0,24.3,9.7,231.1,1024.7,25.8,21.5,47.5,4.2,0.47
2022-10-08,18.1,10.8,13.6,18.1,10.8,13.6,7.5,68.5,0.0,0,0.0,0.0,0.0,29.1,13.0,331.6,1023.6,37.7,23.1,49.1,4.3,0.49
2022-10-09,19.2,6.7,12.5,19.2,6.7,12.3,6.6,68.7,0.0,0,0.0,0.0,0.0,35.1,14.3,132.2,1020.0,14.7,23.6,46.2,4.1,0.5
2022-10-10,19.0,9.8,14.2,19.0,9.8,14.2,10.9,80.8,0.0,0,0.0,0.0,0.0,37.4,18.1,226.1,1016.7,80.6,21.1,37.2,3.3,0.5
2022-10-11,17.6,9.7,13.3,17.6,8.1,13.2,7.8,69.8,0.0,0,0.0,0.0,0.0,34.8,18.0,35.8,1024.9,56.8,24.1,42.3,3.6,0.52
2022-10-12,19.1,8.1,13.1,19.1,8.1,13.1,8.4,74.0,0.0,0,0.0,0.0,0.0,20.5,9.5,243.2,1023.4,58.9,21.9,32.4,2.8,0.54
2022-10-13,15.3,12.6,13.8,15.3,12.6,13.8,11.7,87.3,3.163,100,25.0,0.0,0.0,31.5,15.0,207.0,1019.1,99.2,15.4,21.2,1.9,0.57
2022-10-14,17.0,14.2,15.2,17.0,14.2,15.2,14.4,95.0,4.188,100,54.17,0.0,0.0,40.8,16.0,224.9,1012.5,99.4,12.4,15.9,1.3,0.61
2022-10-15,18.3,15.2,16.4,18.3,15.2,16.4,13.8,85.4,5.269,100,41.67,0.0,0.0,40.8,18.5,227.0,1009.4,95.1,18.9,24.8,2.3,0.65
2022-10-16,20.2,13.7,16.7,20.2,13.7,16.7,14.4,86.6,0.014,100,4.17,0.0,0.0,27.2,14.9,173.4,1013.7,88.9,26.0,29.9,2.7,0.7
2022-10-17,18.4,16.9,17.6,18.4,16.9,17.6,15.9,90.0,11.474,100,45.83,0.0,0.0,35.8,14.1,178.3,1020.0,95.3,11.5,13.3,1.1,0.74
2022-10-18,18.7,15.4,16.9,18.7,15.4,16.9,15.6,92.8,0.55,100,12.5,0.0,0.0,21.3,9.0,111.2,1026.0,91.8,14.7,22.4,2.0,0.79
2022-10-19,21.2,14.3,17.1,21.2,14.3,17.1,14.9,87.7,0.178,100,20.83,0.0,0.0,36.6,17.1,103.2,1019.1,62.0,17.0,35.3,2.9,0.84
2022-10-20,22.2,15.1,17.7,22.2,15.1,17.7,14.9,84.8,3.758,100,33.33,0.0,0.0,51.8,20.0,186.5,1010.5,83.6,20.0,38.0,3.3,0.88
2022-10-21,20.3,13.6,16.5,20.3,13.6,16.5,13.9,85.6,12.121,100,29.17,0.0,0.0,45.0,15.9,184.4,1008.0,89.1,18.6,26.1,2.2,0.92
2022-10-22,21.2,13.3,16.4,21.2,13.3,16.4,12.7,79.8,0.151,100,8.33,0.0,0.0,28.8,13.0,190.4,1012.9,68.3,25.4,34.8,3.0,0.96
2022-10-23,22.9,15.1,17.9,22.9,15.1,17.9,13.2,75.0,0.007,100,4.17,0.0,0.0,53.2,24.8,180.2,1007.0,77.2,25.5,43.1,3.9,0.98
2022-10-24,18.5,14.8,16.5,18.5,14.8,16.5,12.2,75.9,0.054,100,12.5,0.0,0.0,59.0,24.4,214.9,1010.1,59.5,23.8,27.3,2.3,1.0
2022-10-25,18.1,13.3,15.5,18.1,13.3,15.5,12.5,83.0,0.0,0,0.0,0.0,0.0,31.2,15.2,180.0,1015.4,78.4,24.4,20.1,1.6,0.0
2022-10-26,22.0,14.0,17.1,22.0,14.0,17.1,13.4,79.4,0.191,100,8.33,0.0,0.0,30.1,14.2,191.3,1016.3,72.1,24.9,29.6,2.6,0.01
2022-10-27,22.9,13.4,17.3,22.9,13.4,17.3,13.2,78.1,0.151,100,8.33,0.0,0.0,31.3,15.2,162.3,1018.8,76.0,25.2,27.5,2.2,0.03
2022-10-28,22.5,15.5,18.4,22.5,15.5,18.4,14.0,76.1,0.0,0,0.0,0.0,0.0,28.1,13.8,192.8,1019.1,74.7,24.4,24.8,2.3,0.06
2022-10-29,23.9,15.4,18.5,23.9,15.4,18.5,13.5,73.7,0.014,100,4.17,0.0,0.0,37.8,15.1,168.3,1017.8,86.2,22.4,28.8,2.4,0.1
2022-10-30,18.1,12.9,15.4,18.1,12.9,15.4,11.6,78.5,0.027,100,4.17,0.0,0.0,28.3,11.8,222.4,1018.4,89.4,23.0,22.6,1.9,0.14
2022-10-31,20.1,12.3,15.8,20.1,12.3,15.8,12.9,83.7,0.568,100,20.83,0.0,0.0,45.1,20.5,168.0,1015.0,89.0,19.7,21.3,1.8,0.21
2022-11-01,16.8,10.8,14.3,16.8,10.8,14.3,9.0,71.0,0.0,0,0.0,0.0,0.0,56.1,26.6,220.1,1017.3,61.3,24.2,19.4,1.6,0.26
2022-11-02,15.2,9.6,12.5,15.2,8.4,12.4,8.6,77.8,0.24,100,16.67,0.0,0.0,46.3,20.7,212.9,1021.7,60.5,21.2,22.1,1.9,0.32
2022-11-03,14.3,9.2,11.8,14.3,7.1,11.5,9.1,84.0,2.552,100,8.33,0.0,0.0,45.8,19.4,204.6,1008.3,80.7,23.7,12.4,1.0,0.37
2022-11-04,12.4,8.2,10.3,12.4,7.3,9.6,7.2,81.4,1.54,100,20.83,0.0,0.0,48.1,21.1,285.3,1009.0,81.2,24.7,19.6,1.6,0.42
2022-11-05,12.4,5.7,8.8,12.4,4.6,8.0,6.4,84.8,0.021,100,8.33,0.0,0.0,32.9,17.7,215.1,1019.8,89.0,21.2,20.2,1.7,0.45
2022-11-06,11.9,8.9,10.0,11.9,6.7,8.8,8.2,88.9,8.188,100,37.5,0.0,0.0,40.6,16.6,194.8,1012.7,97.1,19.8,9.3,0.7,0.48
2022-11-07,16.0,11.4,13.3,16.0,11.4,13.3,10.7,84.7,0.11,100,8.33,0.0,0.0,51.9,19.7,211.1,1013.0,87.9,22.2,16.3,1.4,0.49
2022-11-08,17.2,9.9,13.3,17.2,8.3,13.2,9.3,77.1,0.144,100,4.17,0.0,0.0,53.1,22.5,198.6,1007.7,85.0,25.8,21.0,1.8,0.5
2022-11-09,15.1,9.2,12.3,15.1,8.1,12.2,9.3,82.8,0.42,100,12.5,0.0,0.0,40.1,19.0,222.9,1013.2,65.5,24.4,26.0,2.1,0.51
2022-11-10,11.2,6.6,9.1,11.2,5.1,8.4,7.8,91.5,0.028,100,8.33,0.0,0.0,31.8,15.2,192.0,1026.7,61.1,14.4,12.2,1.0,0.53
2022-11-11,12.6,8.7,10.0,12.6,7.1,9.0,8.0,87.3,0.0,0,0.0,0.0,0.0,27.3,15.7,158.8,1030.8,86.3,19.5,24.9,2.0,0.54
2022-11-12,14.9,7.5,10.4,14.9,6.1,10.1,9.0,91.4,0.33,100,20.83,0.0,0.0,15.4,7.7,135.1,1028.8,50.0,10.3,17.0,1.5,0.58
2022-11-13,14.5,7.1,9.8,14.5,5.5,9.4,8.4,91.1,0.144,100,4.17,0.0,0.0,20.6,10.9,114.2,1020.8,53.5,9.6,17.0,1.5,0.62
2022-11-14,12.8,5.9,9.0,12.8,4.3,8.2,7.9,93.2,0.014,100,8.33,0.0,0.0,32.7,14.0,193.7,1012.4,94.7,10.1,19.8,1.8,0.66
2022-11-15,12.8,7.7,10.7,12.8,5.6,10.0,9.5,92.4,3.189,100,37.5,0.0,0.0,35.8,16.5,190.8,1004.6,91.0,20.3,8.5,0.7,0.7
2022-11-16,13.2,8.3,10.8,13.2,6.3,10.1,9.2,90.1,6.312,100,37.5,0.0,0.0,68.9,29.5,195.1,997.2,85.8,19.2,15.0,1.3,0.75
2022-11-17,13.5,9.9,11.9,13.5,7.7,11.8,8.0,77.2,2.214,100,37.5,0.0,0.0,72.5,29.1,239.2,992.2,90.7,23.2,12.3,1.1,0.8
2022-11-18,12.5,7.4,9.4,12.5,4.9,8.1,6.4,82.0,0.234,100,12.5,0.0,0.0,39.5,20.0,253.5,1004.6,65.8,24.7,12.9,1.1,0.85
2022-11-19,11.2,5.8,8.1,11.2,4.0,6.9,5.3,82.9,0.149,100,16.67,0.0,0.0,34.0,14.8,290.2,1012.7,79.5,22.2,17.2,1.4,0.89
2022-11-20,10.0,4.9,7.4,8.4,2.6,5.2,5.0,84.9,1.056,100,29.17,0.0,0.0,46.4,21.6,242.7,1013.0,78.1,20.8,14.0,1.3,0.93
2022-11-21,8.3,6.0,7.0,6.5,3.0,4.6,5.6,90.9,2.567,100,20.83,0.0,0.0,45.9,22.9,201.2,1001.8,76.6,15.1,8.1,0.7,0.97
2022-11-22,10.7,4.8,8.0,10.7,1.7,5.9,4.5,79.4,0.583,100,16.67,0.0,0.0,56.4,25.8,227.1,996.8,87.7,23.0,11.5,0.8,0.99
2022-11-23,12.7,5.6,8.3,12.7,3.3,6.2,6.1,86.8,4.524,100,12.5,0.0,0.0,54.2,20.3,207.7,1000.6,74.6,16.8,13.5,1.2,1.0
2022-11-24,12.1,7.0,9.9,12.1,5.2,8.8,7.3,84.1,0.158,100,8.33,0.0,0.0,51.6,22.8,204.0,1011.1,78.8,19.5,10.9,1.0,0.0
2022-11-25,12.1,7.3,9.4,12.1,5.8,8.6,7.3,87.1,0.564,100,20.83,0.0,0.0,35.9,17.3,245.6,1019.1,58.7,15.8,14.5,1.1,0.02
2022-11-26,8.3,4.4,6.4,6.6,2.9,4.8,5.6,94.4,0.151,100,8.33,0.0,0.0,34.1,16.3,178.1,1029.4,89.6,9.3,13.2,1.1,0.04
2022-11-27,9.7,5.9,7.6,8.4,3.0,5.3,5.3,85.8,0.695,100,25.0,0.0,0.0,32.8,16.8,174.9,1019.2,99.6,18.5,9.1,0.8,0.08
2022-11-28,11.1,6.8,8.9,11.1,6.2,8.1,7.3,90.0,4.179,100,29.17,0.0,0.0,32.6,15.0,228.8,1012.5,89.7,16.0,18.1,1.7,0.13
2022-11-29,8.6,5.8,7.5,8.1,4.6,6.8,5.7,88.3,0.0,0,0.0,0.0,0.0,13.8,7.5,40.3,1019.0,94.9,15.0,10.1,0.9,0.19
2022-11-30,7.7,4.5,6.4,6.4,3.5,4.7,4.6,88.0,0.0,0,0.0,0.0,0.0,30.7,15.1,41.7,1024.0,97.6,11.1,12.0,1.1,0.24
2022-12-01,6.3,4.6,5.5,3.6,0.9,2.3,3.3,85.6,0.0,0,0.0,0.0,0.0,36.9,19.6,24.3,1025.9,93.4,9.0,11.0,0.9,0.3
2022-12-02,5.8,2.6,4.7,3.4,-1.7,1.7,2.5,85.9,1.678,100,16.67,0.0,0.0,43.3,20.9,31.4,1021.5,98.6,6.8,5.8,0.6,0.35
2022-12-03,3.9,2.6,3.3,0.8,-1.6,-0.5,1.0,85.0,0.193,100,4.17,0.0,0.0,40.8,20.4,59.3,1016.5,100.0,13.9,6.0,0.5,0.4
2022-12-04,4.3,2.4,3.3,1.8,-1.7,0.0,0.8,84.0,0.384,100,4.17,0.0,0.0,34.5,17.1,62.2,1013.7,100.0,9.6,7.7,0.7,0.44
2022-12-05,3.3,1.8,2.5,1.9,-0.9,0.5,1.0,90.4,1.797,100,37.5,0.0,0.0,22.6,12.2,3.9,1019.9,99.2,6.7,6.0,0.5,0.47
2022-12-06,5.2,0.5,3.4,3.5,-0.1,1.7,2.3,91.9,0.0,0,0.0,0.0,0.0,23.6,12.8,14.5,1021.6,89.3,6.5,4.2,0.3,0.49
2022-12-07,6.4,0.9,3.7,5.1,-0.5,2.6,2.0,88.9,0.007,100,4.17,0.0,0.0,19.6,10.2,330.6,1020.1,87.7,11.3,13.5,1.0,0.5
2022-12-08,4.3,1.9,3.0,4.3,-0.5,1.8,1.2,87.9,0.0,0,0.0,0.0,0.0,19.0,8.7,226.1,1011.6,97.2,9.8,9.8,0.8,0.5
2022-12-09,3.4,0.4,2.0,1.9,-2.6,-0.6,0.0,86.4,0.0,0,0.0,0.0,0.0,23.7,12.3,21.0,1007.0,84.4,9.9,17.8,1.5,0.51
2022-12-10,3.7,-1.3,1.5,2.4,-4.9,-0.7,-0.6,85.9,0.0,0,0.0,0.0,0.0,24.2,12.1,303.0,1012.0,86.0,10.8,12.8,1.2,0.53
2022-12-11,-0.1,-2.3,-1.5,-3.0,-6.9,-5.2,-3.0,89.6,0.0,0,0.0,0.0,0.0,30.1,15.2,177.7,1011.5,85.9,8.9,17.9,1.5,0.55
2022-12-12,-0.3,-2.4,-1.6,-3.8,-7.9,-5.2,-3.8,84.8,0.0,0,0.0,0.0,0.0,30.3,18.1,125.0,1010.3,92.6,10.0,16.3,1.4,0.59
2022-12-13,1.9,-2.9,-1.0,-0.8,-7.8,-4.6,-5.9,69.8,0.0,0,0.0,0.0,0.0,30.3,15.0,82.1,1005.6,82.6,16.3,14.2,1.2,0.62
2022-12-14,2.1,-0.5,0.6,0.2,-3.3,-1.9,-3.2,76.1,0.179,100,12.5,2.0,1.1,22.1,12.2,39.8,1002.6,96.6,11.4,13.7,1.1,0.67
2022-12-15,2.0,-2.2,-0.2,-1.9,-5.8,-4.1,-4.9,71.4,0.0,0,0.0,0.0,1.7,38.5,19.3,29.5,1007.4,67.9,12.9,12.7,1.1,0.71
2022-12-16,1.3,-2.0,-0.4,-1.3,-6.1,-3.7,-2.6,85.3,0.0,0,0.0,0.0,0.0,29.3,14.5,19.6,1015.8,46.1,9.8,12.4,1.0,0.76
2022-12-17,-0.6,-4.6,-1.8,-1.5,-8.6,-4.7,-3.7,86.9,0.0,0,0.0,0.0,0.0,23.0,12.4,121.6,1025.1,76.4,7.2,12.0,1.1,0.81
2022-12-18,3.6,-6.0,-2.3,0.7,-10.6,-5.8,-4.0,88.1,2.0,100,20.83,0.0,0.0,26.3,14.8,139.5,1022.0,81.3,7.1,10.8,1.0,0.86
2022-12-19,12.3,4.3,8.8,12.3,1.3,7.8,5.3,78.8,2.0,100,25.0,0.0,0.0,37.4,18.5,180.8,1017.7,98.7,9.9,9.2,0.7,0.91
2022-12-20,12.3,10.2,10.8,12.3,10.2,10.8,8.0,83.0,12.2,100,62.5,0.0,0.0,37.4,36.0,193.6,1012.9,98.6,12.3,5.8,0.4,0.95
